summary,run,psm
count,49799,49799
mean,25002.710496194704,1452.0270286551938
stddev,14431.498974426942,279.42673387273413
min,1,1197
max,49999,17657
