summary,run,pt1
count,49431,49431
mean,24870.740547429752,1909.5071716129555
stddev,14364.184986511236,398.21026388931097
min,1,1563
max,50000,16979
