summary,run,pw0
count,49004,49004
mean,24902.95881968819,12555.257285119582
stddev,14442.053440770964,2083.8277052951807
min,1,11563
max,50000,80526
