summary,run,pwm
count,49346,49346
mean,25074.35897539821,12491.731629716694
stddev,14451.8164925045,1968.3061320293602
min,1,11562
max,50000,86198
