summary,run,rs0
count,49976,49976
mean,24993.727149031536,1150.9912357931807
stddev,14429.042329221205,650.2712478274748
min,1,833
max,50000,15156
