summary,run,rt0
count,49634,49634
mean,25001.921747189426,1273.418322117903
stddev,14432.890061509308,728.0722515389259
min,1,625
max,50000,34998
