summary,run,rtm
count,36181,36181
mean,29762.02410104751,1336.401509079351
stddev,13667.931461472735,887.3835083472147
min,2,573
max,50000,45260
