summary,run,rw0
count,49834,49834
mean,25004.178251795962,8530.774069912108
stddev,14434.889011262785,2030.2535777620774
min,1,7604
max,49999,84635
