summary,run,rw1
count,49962,49962
mean,25014.002341779753,8769.67863576318
stddev,14429.683939664154,4936.88311342354
min,2,5730
max,50000,983798
