summary,run,rwm
count,43750,43750
mean,27846.85648,9468.201394285714
stddev,12953.873830193517,35462.63938434189
min,1,5156
max,49999,4153458
