summary,run,ps0,ps1,psm,pt0,pt1,ptm,pw0,pw1,pwm,rs0,rs1,rsm,rt0,rt1,rtm,rw0,rw1,rwm
count,50000,49742,49418,49799,49653,49431,49873,49004,49107,49346,49976,49627,49682,49634,49619,36181,49834,49962,43750
mean,25000.5,1456.1584174339591,1437.7893075397628,1452.0270286551938,1911.4742110245102,1909.5071716129555,1894.9163274717782,12555.257285119582,12577.550430692161,12491.731629716694,1150.9912357931807,1097.2459548229795,1078.0215772311903,1273.418322117903,1303.4567000544146,1336.401509079351,8530.774069912108,8769.67863576318,9468.201394285714
stddev,14433.901066586264,338.0682823937446,235.07237058349287,279.42673387273413,295.8472210258834,398.21026388931097,394.2102416555582,2083.8277052951807,2376.8704692401066,1968.3061320293602,650.2712478274748,1120.7175220338427,722.0104720390468,728.0722515389259,764.6200217465476,887.3835083472147,2030.2535777620774,4936.88311342354,35462.63938434189
min,1,1197,1146,1197,1614,1563,1614,11563,11562,11562,833,782,781,625,938,573,7604,5730,5156
max,50000,18698,17656,17657,17343,16979,17865,80526,259583,86198,15156,191821,19375,34998,25834,45260,84635,983798,4153458
