summary,run,rsm
count,49682,49682
mean,24999.860673885916,1078.0215772311903
stddev,14433.35901295201,722.0104720390468
min,1,781
max,49999,19375
