summary,run,pt0
count,49653,49653
mean,24967.076933921413,1911.4742110245102
stddev,14440.653369576972,295.8472210258834
min,1,1614
max,50000,17343
