summary,run,rt1
count,49619,49619
mean,24995.16499727927,1303.4567000544146
stddev,14431.551173847123,764.6200217465476
min,1,938
max,50000,25834
