summary,run,pw1
count,49107,49107
mean,24967.02449752581,12577.550430692161
stddev,14467.447979580194,2376.8704692401066
min,1,11562
max,50000,259583
