summary,run,ptm
count,49873,49873
mean,25004.602269765204,1894.9163274717782
stddev,14426.84746713025,394.2102416555582
min,1,1614
max,50000,17865
