summary,run,ps1
count,49418,49418
mean,24970.026528795177,1437.7893075397628
stddev,14470.835573461136,235.07237058349287
min,1,1146
max,50000,17656
