summary,run,ps0
count,49742,49742
mean,25011.22138233284,1456.1584174339591
stddev,14429.350317974293,338.0682823937446
min,1,1197
max,49999,18698
