summary,run,rs1
count,49627,49627
mean,25001.194793156952,1097.2459548229795
stddev,14432.175043099685,1120.7175220338427
min,2,782
max,50000,191821
